loop_id	category	n_genes	genes	in_dualhigh17	tier	mean_d	mean_coex	n_active
PFL_EPI_013	PFL_EPI	2	PSMD14,LDHA	Yes	Tier1_core	1.502	0.578	5
PFL_EPI_014	PFL_EPI	3	TTK,BUB1B,LDHA	Yes	Tier1_core	1.675	0.579	5
PFL_HIF_011	PFL_HIF	3	HIF1A,PKM,EGLN3	Yes	Tier1_core	1.031	0.368	4
PFL_MYC_014	PFL_MYC	4	MYC,ZNF252P,HNRNPK,ILF3	Yes	Tier1_core	1.035	0.315	3
PFL_MYC_016	PFL_MYC	3	MYC,HMGA1,TRIP13	Yes	Tier1_core	1.498	0.344	4
PFL_PI3K_001	PFL_PI3K	4	HMMR,AURKA,MTOR,E2F1	Yes	Tier1_core	1.648	0.377	4
PFL_YAP_004	PFL_YAP	2	YAP1,USP40	Yes	Tier1_core	1.048	0.348	4
PFL_DUB_009	PFL_DUB	2	USP8,YAP1	Yes	Tier2_ext	0.513	0.397	3
PFL_EPI_019	PFL_EPI	3	BRAF,MAP2K1,METTL3	Yes	Tier2_ext	0.827	0.302	4
PFL_HIF_013	PFL_HIF	3	HIF1A,MYH9,CTNNB1	Yes	Tier2_ext	0.922	0.348	3
PFL_MYC_007	PFL_MYC	2	MYC,CCAT1	Yes	Tier2_ext	0.542	0.46	1
PFL_MYC_010	PFL_MYC	3	MYC,C1QBP,PAICS	Yes	Tier2_ext	1.1	0.31	3
PFL_MYC_019	PFL_MYC	2	MYC,EFTUD2	Yes	Tier2_ext	0.956	0.303	3
PFL_RES_009	PFL_RES	2	YAP1,KCMF1	Yes	Tier2_ext	0.809	0.313	4
PFL_YAP_001	PFL_YAP	3	YAP1,TEAD1,SNHG16	Yes	Tier2_ext	0.875	0.355	4
PFL_YAP_003	PFL_YAP	2	YAP1,JAG1	Yes	Tier2_ext	0.679	0.35	3
PFL_YAP_005	PFL_YAP	2	YAP1,CPNE3	Yes	Tier2_ext	0.662	0.438	4
PFL_CRC_001	PFL_CRC	2	SMAD9,MYCN			-0.108	0.105	1
PFL_CRC_002	PFL_CRC	3	PLD1,RELA,NFKB1			0.186	0.211	3
PFL_CRC_003	PFL_CRC	2	LHX1,UHRF1				
PFL_CRC_004	PFL_CRC	3	LGR6,TCF7L2,CTNNB1			0.687	0.134	3
PFL_CRC_005	PFL_CRC	3	KLF5,XPO1,FOXO1			0.694	0.214	2
PFL_CRC_006	PFL_CRC	3	ETV4,CXCR5,MAPK3			0.547	0.034	4
PFL_CRC_007	PFL_CRC	3	SOX4,WNT2,CTNNB1			1.816	0.236	3
PFL_CRC_008	PFL_CRC	3	ARHGAP4,MYH9,CTNNB1			0.949	0.167	4
PFL_DUB_001	PFL_DUB	2	USP11,E2F1			1.103	0.104	3
PFL_DUB_002	PFL_DUB	2	USP14,WWTR1			0.72	0.198	3
PFL_DUB_003	PFL_DUB	2	NFE2L2,USP11			0.071	0.137	2
PFL_DUB_004	PFL_DUB	2	USP22,FKBP1A				
PFL_DUB_005	PFL_DUB	3	DLGAP5,E2F1,USP11			1.686	0.189	5
PFL_DUB_006	PFL_DUB	2	STAMBPL1,NFE2L2			0.426	0.226	3
PFL_DUB_007	PFL_DUB	2	PDIA3P1,POU5F1				
PFL_DUB_008	PFL_DUB	3	FN1,RAP1B,CREB1				
PFL_EPI_001	PFL_EPI	2	LATS2,ALKBH5				
PFL_EPI_002	PFL_EPI	2	MALAT1,ERBB2				
PFL_EPI_003	PFL_EPI	3	RUNX1,RUNX1T1,FTO				
PFL_EPI_004	PFL_EPI	3	STAT3,METTL3,WTAP			0.73	0.236	3
PFL_EPI_005	PFL_EPI	2	RBM24,TCF4				
PFL_EPI_006	PFL_EPI	3	SRSF9,USP22,ZEB1			0.326	0.13	2
PFL_EPI_007	PFL_EPI	3	PTTG3P,ILF3,E2F1			1.443	0.273	4
PFL_EPI_008	PFL_EPI	2	HNRNPA2B1,TFEB				
PFL_EPI_009	PFL_EPI	2	NAT10,FOXA1				
PFL_EPI_010	PFL_EPI	2	NAT10,CEBPA				
PFL_EPI_011	PFL_EPI	3	GATA2-AS1,DDX3X,GATA2				
PFL_EPI_012	PFL_EPI	2	ACAT2,MTCH2				
PFL_EPI_015	PFL_EPI	2	STAT1,LDHA			1.144	0.259	4
PFL_EPI_016	PFL_EPI	2	SRSF10,MYB				
PFL_EPI_017	PFL_EPI	2	MIR17HG,HK1				
PFL_EPI_018	PFL_EPI	2	CLOCK,ACSL1				
PFL_EPI_020	PFL_EPI	3	ALKBH5,HDAC4,HIF1A			0.267	0.226	3
PFL_EPI_021	PFL_EPI	2	HNRNPC,TRAF6			0.767	0.28	3
PFL_EPI_022	PFL_EPI	2	KAT2A,MAPK1			1.287	0.065	5
PFL_HIF_001	PFL_HIF	2	KCNJ2,HIF1A			0.49	0.364	3
PFL_HIF_002	PFL_HIF	2	SKA3,HIF1A			1.478	0.17	5
PFL_HIF_003	PFL_HIF	2	CPT1A,HIF1A			-0.025	-0.013	1
PFL_HIF_004	PFL_HIF	2	USP51,HIF1A			0.167	0.081	2
PFL_HIF_005	PFL_HIF	2	KCNJ2,HIF1A			0.49	0.364	3
PFL_HIF_006	PFL_HIF	3	HIF1A-AS1,YBX1,HIF1A			0.664	0.202	3
PFL_HIF_007	PFL_HIF	2	EEF1A2,HIF1A			0.592	0.017	3
PFL_HIF_008	PFL_HIF	2	HIF1A,VEGFA			1.091	0.233	5
PFL_HIF_009	PFL_HIF	3	NAT10,SEPT9,HIF1A			1.355	0.259	5
PFL_HIF_010	PFL_HIF	3	NOV,IMP3,HIF1A			0.645	-0.038	3
PFL_HIF_012	PFL_HIF	2	YBX1,HIF1A			0.795	0.139	3
PFL_HIF_014	PFL_HIF	2	HIF1A,TDRD3			0.548	0.108	3
PFL_HIF_015	PFL_HIF	3	UBE2M,ESR1,HIF1A			0.443	-0.062	3
PFL_IMM_001	PFL_IMM	2	CASC15,SMAD3			0.645	0.031	3
PFL_IMM_002	PFL_IMM	2	SNHG17,FOSL2				
PFL_IMM_003	PFL_IMM	2	THAP9-AS1,SOX4			1.936	0.219	5
PFL_IMM_004	PFL_IMM	3	LINC01607,SQSTM1,NFE2L2			0.252	0.018	2
PFL_IMM_005	PFL_IMM	3	HMGA2,E2F1,HNRNPL			1.23	0.299	4
PFL_IMM_006	PFL_IMM	2	KLF5,FUS			1.092	0.149	3
PFL_IMM_007	PFL_IMM	2	E2F5,CDK13			1.12	0.243	4
PFL_IMM_008	PFL_IMM	2	ZEB1,CTNNB1			0.47	0.274	3
PFL_MYC_001	PFL_MYC	3	TMEM44-AS1,EGR1,IL6				
PFL_MYC_002	PFL_MYC	4	RGS19,MYH9,CTNNB1,MYC			0.832	0.166	4
PFL_MYC_003	PFL_MYC	2	RPL22L1,MYC			0.861	0.202	2
PFL_MYC_004	PFL_MYC	3	EHD1,CTNNB1,MYC			0.556	0.186	4
PFL_MYC_005	PFL_MYC	2	MYC,LARP1			0.794	0.218	3
PFL_MYC_006	PFL_MYC	3	MYC,LINC00460,FUS			1.159	0.043	4
PFL_MYC_008	PFL_MYC	4	MYC,LINC00460,CD47,CD274				
PFL_MYC_009	PFL_MYC	3	MYC,MNX1-AS1,IGF2BP1			0.699	0.145	4
PFL_MYC_011	PFL_MYC	2	MYC,FOXO3			0.148	0.144	2
PFL_MYC_012	PFL_MYC	2	MYC,SNRPD2			0.91	0.24	4
PFL_MYC_013	PFL_MYC	3	MYC,E2F1,SNHG15			1.233	0.273	4
PFL_MYC_015	PFL_MYC	3	MYC,CDCA3,TRIM28			1.298	0.272	5
PFL_MYC_017	PFL_MYC	2	MYC,IGF2BP3			0.928	0.005	3
PFL_MYC_018	PFL_MYC	2	PLEK2,MYC			0.806	0.016	4
PFL_MYC_020	PFL_MYC	2	MYC,SRSF1			0.889	0.175	3
PFL_MYC_021	PFL_MYC	2	MYC,CPT1A			-0.231	0.163	1
PFL_MYC_022	PFL_MYC	2	MYC,SERPINH1			1.266	-0.017	5
PFL_MYC_023	PFL_MYC	2	MYC,KLF16			0.397	0.315	2
PFL_MYC_024	PFL_MYC	4	RPLP0,JAK2,STAT3,MYC			0.502	0.094	3
PFL_MYC_025	PFL_MYC	2	FGFR3,MYC			0.083	0.028	2
PFL_NFKB_001	PFL_NFKB	2	PLD1,NFKB1			-0.095	0.127	1
PFL_NFKB_002	PFL_NFKB	3	AKT1,MTOR,NFKB1			0.26	0.361	2
PFL_NFKB_003	PFL_NFKB	3	PTEN,AKT1,NFKB1			0.022	0.228	2
PFL_PI3K_002	PFL_PI3K	3	USP22,FKBP1A,MTOR			0.498	0.181	2
PFL_PI3K_003	PFL_PI3K	2	COPS3,FOXO3			0.015	0.004	2
PFL_PI3K_004	PFL_PI3K	3	AKT1,YBX1,HIF1A			0.628	0.157	3
PFL_RES_001	PFL_RES	2	CARM1,DNM1L				
PFL_RES_002	PFL_RES	2	HSPA8,HSF1				
PFL_RES_004	PFL_RES	4	EP300,CMTM6,IGF2BP1,MYC			0.703	0.075	3
PFL_RES_005	PFL_RES	4	HLF,STAT3,TFEB,CD274			-0.493	0.084	0
PFL_RES_006	PFL_RES	2	METTL14,ANKRD22				
PFL_RES_007	PFL_RES	4	ESR2,DCAF8,PTEN,AKT1			-0.053	0.08	2
PFL_RES_008	PFL_RES	2	IGF2BP2,SLC7A5				
PFL_RES_010	PFL_RES	3	STAT3,HOXD-AS2,IGF2BP2			0.56	0.023	3
PFL_RES_012	PFL_RES	3	CSF3R,JAK2,STAT3			0.043	0.321	2
PFL_RES_013	PFL_RES	2	TRIM59,RBPJ				
PFL_RES_014	PFL_RES	3	DLGAP5,MYC,USP11			1.306	0.062	4
PFL_RES_015	PFL_RES	2	SNHG4,RREB1				
PFL_RES_016	PFL_RES	2	NFKB1,AKT1			0.159	0.296	2
PFL_RES_017	PFL_RES	4	STAT3,AKR1C3,NFKB1,TRAF6			0.146	0.148	3
PFL_RES_018	PFL_RES	2	NNMT,EGR1				
PFL_STAT3_001	PFL_STAT3	4	STAT3,NFATC2,SERPINE1,JAK3			0.424	0.312	2
PFL_STAT3_002	PFL_STAT3	4	STAT3,IGF2BP3,IL6ST,JAK2			0.28	0.245	2
PFL_STAT3_003	PFL_STAT3	3	STAT3,PRDX2,PKM			0.866	0.113	4
PFL_STAT3_004	PFL_STAT3	4	STAT3,TTC13,CTNNB1,IL6				
PFL_STAT3_005	PFL_STAT3	3	STAT3,MAD2L1,TYK2			1.355	0.118	5
PFL_STAT3_006	PFL_STAT3	3	STAT3,TPT1-AS1,ITGB3			0.531	0.101	3
PFL_STAT3_007	PFL_STAT3	3	STAT3,METTL3,WTAP			0.73	0.236	3
PFL_STAT3_008	PFL_STAT3	2	STAT3,PRMT5			0.757	0.185	2
PFL_STAT3_009	PFL_STAT3	2	STAT3,LINC00662			0.308	0.076	1
PFL_STAT3_010	PFL_STAT3	4	STAT3,FUT8,HSP90B1,MUC1			0.97	0.224	4
PFL_STAT3_011	PFL_STAT3	3	STAT3,LINC00501,HSP90B1			0.794	0.087	4
PFL_TGFB_001	PFL_TGFB	3	KIF26B,IL6,STAT3				
PFL_TGFB_002	PFL_TGFB	3	ERN1,IL6,AR				
PFL_TGFB_003	PFL_TGFB	2	ADAMTS16,TGFB1				
PFL_TGFB_004	PFL_TGFB	3	ZEB1,USP33,TGFBR2			-0.066	0.346	3
PFL_TGFB_005	PFL_TGFB	3	SDC4,TGFB1,TGFBR3				
PFL_TGFB_006	PFL_TGFB	2	SLC14A1,TGFBR2			-0.545	0.357	1
PFL_TGFB_007	PFL_TGFB	2	DRD2,MAPK3			-0.27	0.061	1
PFL_TGFB_008	PFL_TGFB	2	TPH1,CTNNB1			0.195	-0.004	2
PFL_TME_001	PFL_TME	2	NUPR1,LDHA			0.511	-0.113	3
PFL_TME_002	PFL_TME	2	GPNMB,CD44				
PFL_TME_003	PFL_TME	2	MAPK4,MIF				
PFL_TME_005	PFL_TME	3	CSF1,CCL18,ZEB1				
PFL_TME_006	PFL_TME	3	CXCL8,STAT1,IL10				
PFL_TME_007	PFL_TME	2	TGFB1,CCL5				
PFL_TME_008	PFL_TME	3	CXCL1,EGF,NFKB1				
PFL_TME_009	PFL_TME	3	RUNX1,CCL2,PDGFB				
PFL_TME_010	PFL_TME	3	IL10,LCN2,VEGFC				
PFL_TME_011	PFL_TME	5	TGFB1,CAP2,IL10,JUN,MAP3K7				
PFL_TME_012	PFL_TME	3	MRO,HNRNPU,CCL5				
PFL_TME_013	PFL_TME	2	LATS1,FUS				
PFL_TME_014	PFL_TME	3	TPH1,HTR3A,NLRP3				
PFL_TME_015	PFL_TME	3	IL10,STAT3,USP2				
PFL_TME_016	PFL_TME	4	SPP1,S100A9,AGER,NFKB1				
PFL_TME_017	PFL_TME	4	PPBP,CXCR2,STAT1,PHGDH				
PFL_TME_018	PFL_TME	2	HMGB1,AGER				
PFL_TME_019	PFL_TME	2	HSPB1,IL6				
PFL_TME_020	PFL_TME	4	STC1,YAP1,CCL2,VEGFA				
PFL_TME_021	PFL_TME	2	SPP1,CD44				
PFL_TME_022	PFL_TME	5	NONO,AR,HMGB1,IL6,STAT3				
PFL_TME_023	PFL_TME	3	IL6,JAK2,STAT3				
PFL_TME_024	PFL_TME	2	FUBP1,MYC			0.947	0.151	2
PFL_TME_025	PFL_TME	3	COL10A1,TGFB1,RUNX2				
PFL_TME_026	PFL_TME	2	FGF2,IL33				
PFL_TME_027	PFL_TME	3	GREM1,FGF4,SHH				
PFL_TME_028	PFL_TME	2	AEBP1,PPARG				
PFL_TME_029	PFL_TME	3	FERMT2,TGFB1,SMAD2				
PFL_TME_030	PFL_TME	4	LINC00665,RAB27B,HGF,MYC				
PFL_TME_031	PFL_TME	3	CTHRC1,TGFB1,HK2				
PFL_TME_032	PFL_TME	4	CLCF1,CXCL6,TGFB1,MAPK3				
PFL_TME_033	PFL_TME	4	PDPN,POSTN,YAP1,IL6				
PFL_TME_035	PFL_TME	4	COL11A1,NFKB1,IL6,ATF4				
PFL_TME_036	PFL_TME	3	BMP2,NFKB1,CXCL5				
PFL_TME_037	PFL_TME	2	STC1,TLR2				
PFL_TME_038	PFL_TME	3	IL10,STAT3,CD274				
PFL_TME_039	PFL_TME	4	CCL26,CX3CR1,TGFB1,SMAD2				
PFL_TME_040	PFL_TME	2	SAA1,TLR2				
PFL_TME_041	PFL_TME	4	LIF,STAT3,MAPK3,NFKB1				
PFL_TME_042	PFL_TME	6	BGN,TLR2,NFKB1,FAP,JAK2,STAT3				
PFL_TME_043	PFL_TME	4	L1CAM,NFKB1,CCL22,TGFB1				
PFL_TME_044	PFL_TME	2	F3,TGFB1				
PFL_TME_045	PFL_TME	4	ITGB1,YAP1,ACTA2,COL1A1				
PFL_TME_046	PFL_TME	2	ZEB1,LOXL2				
PFL_TME_047	PFL_TME	2	S100A11,NLK				
PFL_TME_048	PFL_TME	2	TNFSF11,PTH1R				
PFL_TME_049	PFL_TME	3	IL33,NFKB1,IL1RL1				
PFL_WNT_001	PFL_WNT	3	LGR6,CTNNB1,TCF7L2			0.687	0.134	3
PFL_WNT_002	PFL_WNT	3	WNT2,SOX4,CTNNB1			1.816	0.236	3
PFL_WNT_003	PFL_WNT	2	TPH1,CTNNB1			0.195	-0.004	2
PFL_WNT_004	PFL_WNT	2	DRD2,CTNNB1			0.532	0.065	3
PFL_WNT_005	PFL_WNT	2	ZEB1,CTNNB1			0.47	0.274	3
PFL_WNT_006	PFL_WNT	2	NLK,S100A11				
PFL_WNT_008	PFL_WNT	2	MELK,NFKB1			1.254	0.108	5
PFL_YAP_002	PFL_YAP	3	YAP1,TEAD4,RANBP1			1.419	0.204	4
PFL_YAP_006	PFL_YAP	2	YAP1,LAPTM4B			1.142	0.198	5
PFL_YAP_007	PFL_YAP	3	YAP1,TEAD4,LAMB1			1.281	0.208	4
PFL_YAP_008	PFL_YAP	3	YAP1,OXTR,ARRB2			0.985	0.108	4
PFL_YAP_009	PFL_YAP	2	YAP1,OXTR			1.067	0.267	4
